Y0-,Y1-,Y2-
310.3242063629135,233.3257197730325,1067.8404799152045
504.6361947518622,677.1055769287168,866.5674136515361
456.41038452572406,539.6311568221491,814.2199975759595
50.33874640886012,129.7038289147791,363.1097194501894
249.93294513136567,125.58509474269418,927.314719751893
450.20488468597256,41.553688047976216,785.373103584661
705.0273785750472,758.623667360546,328.1234914632796
546.6724070239562,373.4524599305842,499.976708925287
621.7275004429086,600.9114663028646,381.53614979652536
312.3300403164448,172.46111164094916,332.8665978538674
696.4928106518926,671.1926506158337,65.89087807295302
848.6430609330987,156.11887976293048,225.95269320770996
528.9544243716284,21.62548845979246,393.4321862908815
277.00615572464125,1311.5915736171405,294.9663031168605
340.2183865117351,97.33563506563682,634.0195497103206
15.3211492715789,1048.1450771162124,629.5068559021013
452.3870599993047,16.570541924926456,863.7129951104304
746.085538576276,53.329528292227934,559.4473576437869
741.8263833411853,806.2238784986597,356.1121504274822
471.9880970815461,99.1925892968539,1170.8293665461154
244.69286896156575,112.04151551940537,1227.6343160138492
563.9834026464016,528.4406290442042,475.28377210082385
142.96125477520746,455.8359258163208,86.67509120695851
209.34061330986805,296.8482172182678,635.5988436839926
581.4236240038438,258.4138376100975,774.0688488724066
492.39712646774865,1067.6347159049008,60.63591913036922
890.6170099415599,138.7587014307409,387.84292488282415
248.26205777203603,188.36796188037852,727.7239736577516
326.43878520841554,793.5520555151095,318.3430569640097
631.7827842529207,124.23513715073112,274.8575115544887
131.48984399673463,114.85422331558928,345.81712791703444
431.2265225305677,445.09822861118727,565.2547897761744
926.9657085059656,515.762296257441,358.6363452633253
88.71946812895757,38.40119414550234,777.0812463390232
631.3685455643604,606.1639914273878,159.14627678658198
689.9918584087864,394.42188509380674,355.27354596727787
175.79371072591513,620.011133405755,559.2401937197441
114.96039193480244,335.6302918824922,1469.920445065713
557.6367315357161,712.8377738766867,204.9350783794524
999.1011738103376,156.63346272983486,582.2850829875682
162.1163732799759,206.99413214333111,1293.2618558290685
174.71475474197902,70.70199842063023,997.5214833324987
127.22790892261656,415.65768328206855,391.1142852355156
763.2482146883164,175.7793311212164,310.32978043856303
4.59783464705453,33.03828598446841,556.6220933200384
164.9604258016533,510.2277125674137,952.9495047288782
54.640925946594415,35.294749144731476,657.1045436382461
978.0375325935312,173.45591076713825,106.873090921152
209.09907410511096,222.93459229612375,959.3059321857857
734.3941057660145,187.622106077335,188.04334841414104
17.009650543839328,325.43353402583034,719.0066130396486
154.5537107118502,68.07891548225429,842.9598614441378
229.98799966439512,97.50507217667648,900.9302237389156
287.72069555065724,231.91333376294472,897.3658722414034
275.7735027160291,19.48650554191635,1205.0291644187084
562.7104101676172,176.50539639658064,352.90676778001983
209.54030622807443,90.89278818955482,807.7206267562133
824.1011008672706,238.6793678492975,887.0465119489194
127.21951708085304,448.01237405797485,553.4687692667478
39.02635622569761,11.834169593154284,860.1925369108328
552.0147332010954,451.1969736378097,881.3836642794187
93.92265809994976,330.4210259776671,783.5095589770665
425.4032194358145,353.0346862145628,438.57181550522216
234.74140685352927,56.253912891818175,892.4191036106621
277.7410355217967,1138.2402782565453,563.0667174582404
146.80678371521128,435.1626807947492,755.5302851408197
904.9848599111264,176.0920569972036,853.7530044280951
602.2716740011826,67.51372523223853,606.3629892578055
291.413572233107,451.4408471342124,940.6854691188474
622.195406415428,460.532283954613,661.2806969028406
649.651442090106,226.88297395296073,1025.0701139048826
471.0119787887591,351.2821041831788,430.3024977168258
142.6354310776125,554.595531094324,887.0697437007651
444.6612168711977,883.4087440317109,150.66605329759722
67.93083575287251,34.88903653477379,432.1278425455472
551.4110684584002,240.83559212044324,418.92832510367214
238.7152819032476,92.91142369232531,679.5638159207847
9.10908077512862,454.7759813418299,795.5488729486287
257.7990028458825,537.9619829224379,896.3765702857501
738.6383584631452,400.1838231413961,795.9633494590422
521.68129190983,95.58317796051766,692.6844790554201
142.73917304438152,515.5965817528339,469.3921328110065
381.77575937425513,112.6981348241904,1102.8182829843204
16.249742819521767,51.63813008333814,559.6831567842571
479.7410131061076,327.6388995358082,74.88211530831137
291.6339363346895,186.92799466264017,785.3814849238553
49.80961723901259,64.21537340883147,774.3693926975905
429.2035857479568,341.4034608531728,487.63722051853193
118.87543930235243,120.07735659373164,607.1049377291953
11.07754393714745,888.6034800369594,242.82620173864547
481.02058531873,504.74750113952166,692.569743117281
572.1498387768789,772.374196961554,6.717889923826094
900.76653800139,308.71733851961716,40.371760669812126
353.11179444167266,158.97710588180107,959.3920603060064
66.42977078472822,924.9216156205366,105.93993297994564
870.9823305467041,144.11096332894945,210.09863675956683
3.626009704410822,475.8172174392856,455.16203897061126
136.61866177936753,269.2000034320397,686.8476018732642
484.8108932524184,34.39058502405537,301.20455320295133
197.51182197093175,723.7004947039552,60.74067544865659
41.62728997416318,66.6318802764934,988.0061038203816
114.60086899149071,429.8804342682285,701.5937376553719
262.3339582768241,682.7441538408185,189.64743906467515
727.9560097719192,31.60279107092765,531.8807986850512
635.1902679524184,635.5229372718212,221.02315764779743
107.15436204096171,39.25687256263565,901.2216363030908
14.869766717786248,614.5100230393844,102.79364317283654
33.349687934699375,130.95024305206468,625.2103775282096
1159.0292319166242,446.9611059950901,199.46205782265545
672.9517848917859,565.6942850232186,531.7337154015008
343.7039297701749,15.22267001934082,482.7900849477008
270.0004785202946,38.972254599549366,554.6382074233126
517.4992565474382,346.57858225984484,231.53478357228775
86.5350940094342,566.5511863091298,987.679519623824
232.13480606876388,132.80679645686382,1158.8856857292494
695.5346693903371,410.1831534974806,196.69914644587695
578.9038922700386,600.0306097101361,36.71511530017898
74.77840172254713,940.9124935710686,477.60391803549214
150.8649309753064,400.6341131345315,480.5443542339736
17.65585024526936,957.96293842946,659.1024970715813
487.5456364466378,672.1612959599554,22.039151615914957
10.523644207628228,18.02337206108654,564.0185347769689
979.864147427198,239.3685543585704,17.542534234421737
60.651581794935865,885.9414929271126,341.9842699086753
437.4914395648076,698.3461661318213,519.128173463692
860.1802036237655,129.80487838308937,164.26678027380197
186.29535797963163,305.869256529667,794.7962438140631
330.148126589557,156.46215596121115,1048.2159538136602
97.7891647399227,35.01609033218952,724.5304609701387
325.1204884977927,715.7667271687643,327.09851079565505
509.980023148549,291.9610001471378,624.554463432138
400.2683557080936,872.3432317144803,334.3460158252879
880.995812880823,247.69065740112092,84.64996500675531
595.3785983891394,298.5623266956892,78.35550799859196
251.2403970122744,302.37401578905354,908.5168506728452
78.20845710031367,348.5904290802039,670.2384734628935
47.6652543340394,251.96546604177107,350.51938570949204
486.1752644714668,138.85803048970382,10.475405858298227
420.8283126831635,180.10891950807263,37.147674906826296
199.9716439808307,270.6158405014839,737.3015365632918
20.486016373520513,5.858130348907666,891.0021456987084
362.9444271964056,198.01644686517443,727.4179393225122
534.5850347754482,6.287936415612648,94.00295662200108
848.3011462135165,253.35061378186168,364.5882350866989
809.8838735972354,570.1090500289242,694.4737885566182
170.7172348699645,917.6710099607084,792.5371002773686
1112.918061442123,402.2684358348028,21.44066788590732
288.08018313925777,761.755122612902,423.572922068183
301.59466881123643,281.9248461359841,980.4043647242944
850.7352511857033,767.7990729565429,612.3029031365713
322.9195002613229,767.9724417221153,256.2433196066002
428.9576973820072,202.9112213819582,276.8642014837848
80.3773963423277,248.94981317954563,1044.9928591199848
28.574676107987187,727.4387349819568,18.554169642360034
438.8444549496628,894.7978639706591,691.1855260333275
91.11258565802508,582.9400436485727,459.5070326834936
562.7840862986635,534.1423966922132,78.67949235962047
288.3100708230383,290.8525121528684,367.13734169476106
335.30210257322625,284.6296295982922,683.6225454353921
334.9267288211624,60.16787680806139,734.5735371799659
682.8223650232452,598.1327980072493,177.4125993430266
45.87788934173619,60.86098300532251,1011.3088870522108
6.60222090531472,58.726235848876506,711.1811717886669
5.722479222635437,34.22606866844949,909.046077480636
58.50400291833148,9.699566641961722,847.6322010907255
704.4688362950101,164.890623196156,476.1877840657897
565.3262494337682,587.3674299575734,218.7174137216011
36.57784472418751,39.59442094835336,833.4292062753696
289.60146107420417,1046.569003970555,240.8789524457588
165.48147329476942,99.58296143651216,303.6174543493174
248.99618553801523,45.25343493410609,888.4798117924163
14.980540599571713,6.748355444707151,735.1614392956508
768.8317239075354,168.92784064249005,226.09538784587485
285.9935894766611,100.49910002879368,551.9115133000448
19.478827647631572,116.69546011034592,1014.0430626264854
489.98930045529954,424.04887396670574,784.552576497245
16.702043242441444,264.84146582775855,1066.9731996319629
550.3081931808958,273.3339155467351,505.5272358831775
315.84104270656485,321.6834940304633,446.454174021183
310.10176500014825,103.8028183728639,784.7022794136227
78.53588654905748,508.7452411357746,655.680297018794
106.00626381144724,656.2113596569595,826.6439127309274
519.6585628247212,459.2134202357095,697.8068666446774
20.730616652352232,31.163982024807417,651.2417702481617
249.15457417423448,905.4799069526364,27.946786590119743
38.29447563454799,176.49323531839957,823.6997975018162
303.6152380460538,631.1953045137694,274.1096618870583
130.4346265482374,301.6489968945539,762.9812706615262
56.60129642115959,1241.886041269363,4.935587784340392
451.75145394082455,338.21176427526825,207.44571982002924
860.829488493916,194.5721444942587,237.4163447858305
163.84116036837673,195.53267006262573,987.6880950333468
182.3398614434241,625.8873681521916,582.1205396334941
21.70697809777636,197.14229748225935,1046.6278105147137
692.8081208727483,243.09853001800505,407.96096606334214
389.2282677758364,837.4484581625893,226.6041918183612
493.74594741369293,258.8921683547696,555.7417057125656
137.697056911009,689.2415276086052,778.1596716074802
215.9239805027296,201.90190323139092,392.6011953025137
338.8703353938375,550.523304674864,385.735778910673
152.87676496803704,538.6859659207776,734.6143157815912
152.16961435964637,146.3266886383827,633.9078955291644
116.092352069318,561.7593369773756,36.31500066144081
107.09819428887276,2.756579812774322,1194.022486156939
545.6973913919405,55.628849649298495,471.42555445450546
915.0412557484622,278.9880749821699,124.44100913560516
122.67735960833603,450.27406607133105,808.2193652741184
111.423930606995,809.1101844794055,136.58181228196216
385.6454864878113,148.27483092927707,485.75622935417294
562.1177286246062,400.2098680313599,158.80319645337832
778.5409625185911,307.3311626715843,362.42101758942215
248.46709828181991,658.4081009161855,282.3239713158089
24.690600193267755,67.79701334498276,687.5858022392634
97.3487909567463,782.9069805859638,257.7188231496518
342.84913527425834,78.7570743623805,536.7758221432435
82.94014513391889,149.5662574461346,739.301216067831
284.9080347242486,992.7355254381296,453.3287372957016
222.51932247545437,184.45495148004187,468.8671299830909
98.32770639355677,567.175195179447,1089.9780709163003
115.93772453083464,145.867408161948,477.67400656571584
265.03715234543097,51.994261855380465,795.5355069114385
297.563080279888,653.5982111734264,806.3718726017078
432.5470323642117,593.2827933226234,517.64061774667
456.20442157747925,712.1162556763944,476.96233892853434
29.190176337788124,231.12453029835555,946.03074219559
152.74580010444544,50.069678468219,803.8333957029301
686.4296023673697,148.12136518521612,216.09900096993783
132.89039548997897,531.9837281526824,546.263884145318
250.2689504590581,135.7454649075182,985.535590270576
802.0185187441162,138.4980736725427,178.49764262079128
211.62597710279144,307.90934946472953,448.52027875105654
214.90901094088184,857.8808697948098,337.01372482283847
727.1583956601393,238.16767019150384,249.25437411041793
225.5245624235897,349.17702094125104,1098.6815105570831
230.0120672265665,585.9110420753262,328.3691212960718
655.7609116690237,373.55731843337384,118.4715025405824
45.606657993785056,153.54033980523278,799.2678095437433
545.3640779968559,4.366015464397728,787.5303729754638
665.1970516987868,454.75174672872333,461.95518455171555
140.34698562100053,492.40669766552435,323.3256345039851
202.412912974045,366.2284528990479,856.0960638234192
339.8492602784698,400.84836532258294,787.931773272012
372.29819497986784,477.0067588294337,188.5627587481152
669.251075067638,103.72678901581244,261.70725135422936
280.515355004451,484.04852988950176,86.863900723379
662.5049506089669,882.580437172259,62.517640043648726
7.0464362022460785,356.1927690240308,780.826291747497
358.02813285200534,422.0532848343911,503.36181016158446
38.37587090971189,23.78196565217892,956.265015474776
420.4913392103727,206.1554072394351,592.1542250837919
204.6549268569912,237.5893046340491,1083.084522060703
248.88388093108145,283.97324485575507,910.3578950060968
67.66908952716052,605.6504297571897,828.4564459470392
372.1426710507235,450.770391837993,984.8980945633642
146.93438185763102,657.5464371697406,88.07047706726368
543.2365656934999,188.2034611215111,510.02080712486975
401.01437240693735,162.6821777161026,96.69815727656513
182.0646532086798,122.30771305496968,657.2746202236655
514.0682320642795,533.2078017694614,335.67979415985485
669.9892720823859,284.62686833317105,86.47368194973517
21.772105133819565,473.76941735399953,1024.019230898159
279.9070412382428,28.74706072503844,696.2189481017273
514.4688719875599,1041.58749835433,54.92423759409409
634.5810795833432,1064.2556374112492,7.408051614052782
158.0458914156473,498.8612766250697,33.18627798377302
406.5885906082864,161.7682424068244,650.6271838886361
98.01513874538917,615.3019505408117,494.5617637876165
141.73978370987982,588.5345030075554,378.9657654568373
460.0921078734432,38.60739833786697,316.4041522359245
134.9263700678695,692.1835469080336,340.397798645414
11.491521042871543,41.19031716890906,938.7637111626716
481.46339267204615,536.3648112460287,153.21300239906714
279.81695842662344,94.09034974611446,655.0220285870502
745.8768821814683,245.1401299715831,686.4011899770699
901.7687917138844,171.0018346241389,80.90305703356356
157.9808947529973,474.7916136314023,202.30800639963553
10.027443476998616,637.390174432097,120.38351257687135
81.99338025367106,3.760307524994097,970.836870851434
190.0134251409306,809.0664810765785,439.58396845795016
187.25367615246012,810.9686985308539,213.9018569673975
256.92956452659973,816.5798882039027,383.8125881658242
647.6373212678346,383.6445938273231,47.07310722824278
336.37898322817324,508.3682446375157,850.964969064865
544.2052900858776,351.8293870366749,34.08937740591255
0.7543946847148278,1.299402734705515,1027.729364834414
700.010204208764,398.7471330438282,570.4205251631957
220.19688573217925,325.1886037763647,515.0839861442234
1008.2014994982844,323.5265232720568,351.33368386397314
441.5866729865794,366.0430069352806,738.6893505723623
828.6721635293609,525.4109561331159,558.3071284490229
365.8117849300537,632.9940553495792,67.34618551655043
324.5516885199058,747.3452705817319,1214.641537093402
166.58653726968816,453.66059738972393,568.5589780160827
324.39629543797906,311.38080460126514,707.7048500322393
212.102958691884,389.1411111585507,950.286689235851
785.2353567487613,100.38469570121192,488.5962803352554
610.8578836272808,46.104563747766626,570.6582333785149
606.4027285330699,56.47590815382605,178.53665629949998
128.75672190346808,33.256668049845814,502.6985307560096
122.63011405514,41.310102515793744,1274.1134141626974
142.34782824010765,183.572501686647,850.859905873125
326.5077016423086,725.5849419343264,541.9736850320346
98.78394363019274,50.04860174877493,549.8040804503245
776.4353653307659,291.76770612741814,258.18197012601206
343.8687791117448,96.01833800446776,736.243500788414
359.2517014402838,1264.3079547756754,35.73065445936711
636.4861686490774,832.103336031307,298.7354132836664
94.62606521409926,295.59253913361124,740.454894592896
98.88210188939088,819.03796273086,195.6520239599259
172.99164507607168,352.6015850763436,492.5912556281478
330.9635282375629,230.3769142902805,1059.1474959843415
139.01139953741753,1021.2243440273604,261.8182976519468
403.0523654824363,71.90952762905196,404.92368140650234
424.1782824389611,44.94651285873452,746.3770023578572
95.94130288992318,114.87105984247296,739.2887883068571
497.34624522533113,907.8356749326066,200.64990390184903
51.06816345691314,1068.1358924071596,528.4605284786888
99.95042348378738,808.0218759901677,263.6990470665658
158.128886814363,61.75497628946694,844.8391397281746
7.588654854913345,157.407133422312,997.8554916321016
16.88416297565958,36.25852706982146,740.9767011985539
218.41275613959385,586.2817589299774,606.3354611720263
229.48842026527817,189.08020177783345,200.1653180648157
68.36429819341981,291.5052276669867,313.84249079745746
62.22603771953468,98.64308246345146,623.3430480145504
707.9348383409372,54.41528708557176,532.6941582008681
207.24936290035612,280.445614898144,425.39675260613586
405.77227202338986,195.04397396146425,735.0945728348762
312.62442554542525,481.17427068162505,630.8579328208199
326.5164368732184,82.78604115713745,314.28081097351674
293.2884351044993,107.42562563487236,755.5932953814138
450.4725046590371,19.283254479361418,90.81339813349268
72.8185289658979,896.571975944566,153.69361238071752
250.79821824091917,340.9830758851362,603.1402657655962
461.72385884814736,539.2699838877061,298.65597686937986
350.8557116650195,45.620106404277585,453.38134315622307
0.5560876163325292,452.5566712984452,469.9147414313797
186.963776696991,97.66924017994792,451.91349941878315
81.21557249409642,23.64521567108146,907.95296239444
35.54295361880877,6.586243736979029,811.3689379151673
481.1614160580544,211.727927875547,397.0107801061108
568.94455350894,846.0203918361451,385.8000324812839
43.63324729626486,525.2325293376854,408.76984006885607
388.0540984497191,294.74866465246555,1012.823569806166
681.4279342538933,338.3203739373244,60.67738628394448
595.2207206591526,221.65350216645004,485.6642577781262
118.83172505980656,235.0659298267252,712.9073034798174
724.9888004059623,21.62878575018035,23.37036147491017
269.15312164265004,699.2689818280702,443.67108422428777
149.3615267832282,108.080866388519,485.4373217427704
686.3185899725395,547.5356240681878,449.6828848698695
202.36956750899375,550.5416186333184,466.7834255708159
78.15777501492661,741.0138493351959,357.79118677388107
242.69394290586223,407.5479428533512,928.6262131865202
97.66286542923903,521.0833562427574,256.0076684032918
66.8845720405018,74.63698204542678,408.31462727899634
301.44666024992966,58.96642383620015,747.024380087157
307.5143711402363,231.1831308137844,909.92156513726
61.578193367371206,324.2738050825789,644.7989492483616
925.641263615442,645.0357450605744,225.7885415884778
442.3641282116782,122.5005730694716,226.26114650392083
685.3109293274866,471.53771986672064,57.77395205941329
74.1931797739801,565.7334132287673,483.7593471699579
767.5064917012405,373.8536319938597,96.8540435460073
166.10157031325295,449.40892859755417,600.6614177701704
16.493030739069596,18.54973051795207,987.3238740958813
832.1113793261145,230.1787751718717,425.030603792517
46.93972910175941,230.7999150028418,1047.8721154925136
216.19424201941715,529.2742024241129,353.608802238818
357.44830024844094,691.7322103469138,453.745626752966
140.0641689158487,438.5380578604803,808.9270096533514
1.750732501728626,8.385661741176051,819.7017270484315
230.87720938153905,50.616084879624864,603.4377171926797
57.07357537344219,18.393282516393363,509.647553236501
628.6593981964888,384.090877944232,372.4063062544028
145.8773352499079,206.88646872396612,1009.5656116740942
120.7950316086892,35.449723165674385,1039.9770235628766
443.5340224926182,42.99141845318197,1096.7110347780788
337.03864866988533,119.91242854764688,779.6641721269818
822.3548995166711,204.58442515626183,825.4294507676815
144.76100717214086,38.353794306759525,726.9022504667992
307.9989740260144,703.4016709898935,103.76136650984628
538.2260186399305,433.15076255571546,87.26133284391128
115.48551249037142,532.3091008643083,514.6875631146676
766.3645711049835,246.89810986427167,114.74725789550526
604.4306300959511,428.8079006309764,851.1778985961051
829.6608397246314,400.4141057819079,495.6626812423213
698.6715010955686,49.418726019865886,154.3221112495721
370.5654586174231,241.1020364163404,779.8233404781337
283.7322913196783,235.15283228965637,267.5496722209495
444.0735192823627,756.7126214162005,275.8135257619895
157.77318736469005,225.9060004983933,988.2074146908416
600.2117412973952,353.66449407550084,125.59072026535104
958.168938560362,139.76144351808168,408.46997529172376
276.0181939724506,145.88168624430827,556.1655512360469
619.3600702729833,355.9379791512187,258.56181002197326
515.2229656621957,164.6131362254545,848.4368612335466
989.0588877261424,488.0945190423106,378.4420972928187
84.27658695806751,152.71806838832322,842.0727142607257
781.261077210449,745.6066805804376,356.3610006735525
1125.3535822879944,489.4396707359395,162.72625087020623
794.4723422382515,414.91873457898873,76.46304879660515
66.771471272625,944.499064133726,395.14281523002546
148.59321098314896,521.9235156832597,496.2428605207733
4.43575924611114,8.721858518295438,894.5014983929607
28.681298003087832,81.58019492381061,1158.3930959162797
209.90153853875375,267.3794489516116,585.7486241755112
66.06868089305145,329.3167299269405,1120.9073551022757
462.6330117539294,458.285310980293,543.338544614872
44.591172481118505,244.72078212877216,449.071358940825
339.378374470538,2.9497326801909853,850.8220974523294
270.4062634411595,620.1123015447225,295.20111655140954
293.8534659008939,311.4571723019764,490.4172059187635
879.676393404591,374.7784343134655,185.5892968473141
152.960056378041,742.5415188261865,45.43451081216287
74.82835407044985,743.1975621088128,606.3044634559537
89.4490135753222,697.1486650589165,6.313051000383425
70.79019619085476,340.4721999061358,1003.0052903894646
744.1924461088914,25.930021466359836,1056.4117809751808
528.0190777102915,273.9125896973462,523.2822004513151
255.5135810703043,953.6365711629968,452.51847068347456
845.1181278004499,62.71462651027753,97.44755788259822
57.8491485237331,463.66779618379496,1005.4983095046006
113.33644138902892,224.32265577039192,521.8867126531175
852.1303869964464,559.768565771062,509.65837726323593
158.6239229026651,458.7953946430557,452.4825081978741
26.749570508107773,75.91775613439559,569.4732139158388
252.25514683410287,45.99001694100546,1016.5800532313164
677.8821299884978,415.67342158448906,522.7936461130496
562.7243445413313,105.23657162400576,799.0373586253453
983.4070101407632,430.7939530101557,684.1794531107487
357.1980527440299,265.9630198455929,802.515635045991
314.7115590335328,941.8954023103762,551.2918567534871
126.59901057418207,172.75130114952978,683.4417230901554
71.70270467150101,159.33750466609575,713.6622564532843
635.9182934827924,452.65532808200226,326.29852271202503
735.0293581655607,359.83333750393587,178.7066470258768
262.2821131844995,409.2688929832046,150.4192342584201
430.31168919980666,344.35490689668086,480.64497475808895
6.704604379857984,287.24770246505375,702.4804282144974
913.6270521560511,252.7859999776995,260.965748951916
452.0575354501843,751.691876964992,1070.4468925130843
624.0770105503774,328.7164193474344,614.1680060291981
100.568680821472,38.52409973054819,981.8528855841008
321.7928591670408,32.21214687913218,562.4581417665231
476.89234994639736,756.6449646364833,399.5955268462156
71.52085169220469,595.4892723846707,158.11506856428062
27.665869190045814,41.05374460806982,535.7438249623067
94.03288849741097,65.73523060533168,977.6094020064272
335.8110414066969,440.0261544796269,780.3944417685109
233.7999020684875,554.9980365235384,782.2546789678134
221.37395510307311,38.7751308627133,909.2242270243
413.5054275951115,29.53592439505672,840.1056055092369
509.618823211462,120.6900451822931,101.9570639701529
290.25436104064687,135.0720468931149,644.3246919848579
22.968346998767625,4.3985447185545485,942.9793483411652
210.88373002383136,162.21560315522612,1006.248204443398
228.5244988055102,58.50867576804087,671.3454930567738
448.9933109343521,669.2480950907611,409.47099757671896
106.85364067263768,37.574913127356425,552.507461061973
49.66262486287271,1004.345868330325,526.0040941869099
49.23758215920715,114.9584017731836,1076.6093202818572
557.4559994089035,7.865019742655652,676.142306203266
535.6130135851508,870.9252791394689,32.42495361794106
9.43656010283027,549.1554103927788,127.70961677081662
843.6950240948207,495.6269842776179,298.4695305968638
61.08820285922412,867.0462981975105,80.59550434798247
133.26800876912796,766.629951334014,27.227692681766204
679.7654971430139,339.01624680559974,422.3799716538747
23.8662349006553,957.071482896871,451.54647322548345
497.6262152657384,194.1284432755223,436.66639261034214
262.73035936874226,408.8215048530182,1168.6698880889026
435.7964489514947,221.62535216431408,618.9495712613556
188.5540117547047,397.8047844432266,934.2131368052768
306.6583478643455,405.50813732613113,868.9640756588688
47.20307358531782,289.0999867078502,532.1392766718044
766.8743915048035,504.6794612461064,166.1057390992269
523.8406507483688,706.4031999660217,55.26883194715601
592.801440384853,608.5449306803272,524.8469825366548
520.7452754901865,207.63347572843665,1.43246631087473
72.59732870886491,690.9685461339485,291.42004372488674
411.6065694526501,385.6653754363621,168.9043750946361
261.782015302686,146.33442117669972,1072.8950608269324
391.97910895090536,432.6793148904796,467.646433479792
156.00832798336265,126.19689482525108,717.5639568158749
391.5049351068718,125.25985751061263,148.47793543845174
883.9560844716618,175.93719392293664,338.31372063613384
813.2272186927134,566.5538219120479,439.0931983783123
188.3019045315448,9.891825934495044,1096.7941055831525
43.41702272063013,43.52564391708852,858.3290360875586
616.5585355477369,388.22722867398625,852.5930059689656
68.95111486683159,52.71499023590391,1149.233354857775
16.448400276160804,288.34342462195787,430.9033023888331
402.36500720472657,821.6404230645666,350.1332150275058
346.1247858424771,159.99178143188692,1115.956905969556
43.27309067810163,391.2025672243729,620.4236585432187
1.8368775411471732,415.23816084758136,606.5365241548576
212.5748350851799,868.595471262792,106.96278305359836
267.6826827058482,197.5258724562723,497.25669939174696
384.37184133371625,431.9677491200896,926.2681965727976
419.16129275962544,108.01616621029288,408.360131800632
189.6892999350258,438.19852664764574,416.16306263457705
513.3177251824981,307.837406266583,269.5458454846383
60.56194218687684,107.12239951781552,1227.3220305163752
95.77408754483416,474.5561844733835,629.272962608686
320.9116538578464,219.17727272662745,664.5716537652746
83.45873233457274,157.83145988034167,990.7904338597016
143.9659361522171,210.64452929772563,727.8912059062103
615.2699187947663,17.499375867177005,187.95509585306692
704.2797569307593,216.21403782357635,713.9018853681915
22.725196731135423,40.57319493817433,606.5195728235693
216.14319269618977,74.134671642523,1050.9336936094116
736.5513568290747,852.3784712074562,597.4633528342487
584.9907219348099,411.3589295005479,187.8819641551205
30.054679715671732,553.2924420275598,674.2558996335257
513.8858273979243,415.425848546608,272.0119112240654
12.215687334672213,39.60122628747624,1167.4585316481466
678.6898653895948,662.2830274145609,356.63943049240675
83.14491071719226,981.0042484410798,162.51152146521613
200.2541910435609,488.0219966387519,438.95297128723274
445.1603634500037,572.165209539476,538.5968206606207
384.2778481562911,273.49409622772276,629.4840133241308
318.9598729972528,262.49918298354356,447.3481483012528
319.559649093728,508.6545332253825,208.44240466005553
87.20162511193816,77.5293381255264,927.2295083214848
830.2992671944995,317.262033781523,154.2084085201489
29.413571314745973,426.1558941163814,821.4143829960632
18.989678124389307,178.4096251081624,865.0136364108896
91.41264355428736,338.95794076527045,611.6909811643367
123.69038024316224,74.02611833840531,1146.5646949532154
1047.319189555804,367.4926561584443,528.1440791279706
454.16175263790905,667.7732885173838,447.46496995345154
34.04391856504614,605.2555421361473,723.9445695706023
173.77212440730352,124.85428068998604,548.1033716122208
286.02053810026126,58.93080379831467,620.5034989571592
645.6719308648048,106.75359960009304,122.84759799625311
53.32203290429555,470.2143482311673,874.2263090914543
70.39679579103985,140.92287049186865,409.67890974563073
375.4088326807659,504.01218561410514,816.30730977124
203.57837696464415,504.1307259456759,592.0323838385855
561.0677441633395,619.7020555812214,207.8228538003287
6.7017606758517845,478.8450783355395,157.06331884203703
163.2770584931068,287.58391309464196,632.2811371863305
310.3486215748085,227.40746155004587,878.4781165733285
17.015631822672834,703.7137247809081,810.0105966116972
633.0973497021259,193.21943609143335,821.7183746107611
787.6981587895624,186.0533623062303,641.6510815118147
546.5238907387833,444.1126526639418,365.48104190371487
513.5592188979781,297.6479231812432,903.1261704234524
174.93442003561066,580.8012254597141,697.8315955777548
573.6329994289696,438.6333023520909,684.2224884387372
132.95566112559862,473.7799201875849,69.20302278806341
529.5413720961562,416.54496420836733,714.9374688988242
228.81885583057456,852.9908915134758,739.0314866906493
98.38824739549976,43.855347134977336,1149.0031662729878
435.02873093578296,269.4499554282138,1071.5924373034434
165.74180528336225,51.29229387951011,1000.6817591244056
352.7636678997895,541.2360178282914,81.50302394697256
8.082689843151307,424.73020586125506,541.8680440012716
160.2517705460495,206.47923264638447,843.4844563167381
135.54023354249605,345.6883393757696,1107.2893625179045
518.7773826548798,670.560056811466,373.2770849257161
531.3128725907013,126.057191352878,515.7996586427013
183.19409841767913,292.8373429508714,604.9921549030979
543.6579592965983,57.64239075340411,254.39168910537617
712.9775089842783,887.1504512327543,603.6525380121287
13.083189651456486,51.199360145577344,1002.0255729412778
606.657446500618,1.41794945206656,989.3582737120504
732.3271771298797,501.15883632661865,915.2097849555192
488.31978858767894,528.7851573546155,763.5279958149415
577.3622731003908,617.3795447559866,368.0834195350275
871.8829330949749,26.06953149597473,384.1736459020738
72.04848063494461,850.2710954157171,319.4732069425171
3.23718411402074,85.77490258789624,896.6400769607724
439.39379511959487,659.6412377685153,310.31060952900543
473.94539130220215,925.1249112430996,261.1720201573161
688.1116643558914,410.9156576659733,15.262455232506568
203.52293465414357,483.85688094041456,928.7394862800188
40.76292136227527,920.3515075891266,764.0525854773779
437.57888188070666,394.8827006205799,998.2231621573848
335.95747070557,639.1509321126441,621.3071027514055
17.52171683966244,86.21535607788476,825.4024390903388
435.87493450871995,138.07846732640033,537.5166449850852
21.50916216311322,136.70176819173014,1103.4996147984557
360.2326655239346,283.5368409696626,737.2751994921808
107.61417421137544,63.031863087268846,970.9349350184018
456.0016475249379,281.913666361734,476.2994611986213
41.45780529186804,226.23049594286005,810.6058531790901
456.8331241797288,870.4417257904512,524.0303207337464
70.93276568765087,101.71355557496308,686.9503905941475
170.77239304438962,95.94963421311414,731.5169456749015
163.85895276225511,264.7862698047841,789.6954058006291
490.2326824730592,575.0269356424321,223.71722563825463
452.7846452513468,540.9085168138186,852.274991675309
531.052038460542,452.0170653366353,232.77220915178304
281.84486901232594,870.3075367121216,677.7451424505246
7.322170019471332,63.440803011176854,604.1940540431524
364.5472697277952,510.5336390957707,415.98557739736674
370.1978540343629,353.2392397976914,4.925843719703148
668.9362971496711,520.4807534459914,300.3869995600795
693.4096311915225,481.3569456049831,740.9655360884962
43.730170178564485,296.97009221234435,807.2105550525833
767.1063466096953,63.63018459093102,180.96810889027148
255.10895936419604,554.2613905886878,545.1593904271467
178.59034464663685,663.578510322926,850.6500158756952
48.90009145894173,277.1240214829136,788.5921347218207
15.294315800815374,476.0611926944342,702.2036939665506
611.1681637303203,311.70050855284205,56.345543220820005
664.5859378387531,152.12273044888718,415.08653909037025
438.54781198865953,694.0340914454292,386.86297114328977
128.05524504555993,647.69522269178,452.7726232763062
154.49041226713123,1059.445258674013,182.44753581929635
133.36268726727536,137.65999610314122,945.246021351681
148.59036268787662,254.6934427231141,582.6019391149497
450.71184363607,227.58014072676644,414.35233988882806
377.07804582552336,429.93481514938094,469.5182707218136
147.19003728016256,387.0623677383712,920.6808896632606
245.70368240042305,164.11548726843472,651.3832294183209
79.11943097251114,265.9197724457578,655.9288951546906
702.170770841435,108.03157674512282,336.5527459585756
905.9864412286738,145.50228193621192,170.1066751752369
166.7684909249567,244.25728124974324,504.9168720963875
1047.1990297282196,148.41172310074478,467.8089255809101
436.5884617445973,155.96785490652556,517.4352938518712
829.0813598137516,354.7452721726791,384.13668862831474
753.6277262208757,98.81642004273,451.93750002154906
245.3376112388501,1180.8495695475228,129.99187612813444
809.5536162927438,738.3367422165393,64.53640237742707
79.49728339724652,309.8621466243644,1208.615738415749
110.8436662546098,735.7125491074909,202.93296712466812
403.3706542747489,81.94971308012106,32.257638267339225
155.61825123947233,332.1514233859788,289.02034546558406
161.1492247015573,48.932613052425985,1148.4523614269517
786.0859566807115,567.4812449009218,312.4009650277772
578.4063510493057,656.260904802706,559.9243691032452
209.85697652705704,139.45835640136485,1042.4047423996292
170.2716031093435,335.9476258349935,467.38888426488006
789.7038619839947,272.2543944001963,100.05865044186515
241.4108844401143,162.32367929013458,633.1451944158347
516.4666909220516,281.87033646806066,179.01832833359825
285.63967582907514,133.96270938788723,233.07005247466856
476.8204997509244,516.6288200551044,428.2103477851182
18.72076834654466,139.9115292788594,1301.4981094364855
443.954948275083,651.8243046501074,471.0025093059598
784.4160910669187,767.0658308261662,351.9155343915533
221.92181558635104,446.6544427008718,496.7780916417528
113.1328917022978,447.5703678827563,659.8898267463363
699.642734037587,275.5753952707404,305.95701155024074
446.3883123388949,280.7636927445665,107.07529331461434
273.4487168109098,418.2314647523282,565.4793645808686
165.04156503570195,633.1857268466545,764.7184447419959
968.0991747020246,350.44452501285605,153.02371083391472
62.21399642239537,553.222576583163,619.9097596269668
128.41347709215,201.5277507634873,568.9542354250043
814.2076997033074,585.2787771060174,470.0309872049047
244.66260018070992,519.7872879092067,63.95119394350646
470.296226041115,636.5385951897111,267.5382401556541
559.5387958232914,259.4679948784244,302.00550871618424
522.6109691112309,412.60185189528113,744.0150872979387
12.394133154799537,21.780123122654555,717.2050033264505
78.18884106768091,601.3101011929227,374.36195530143755
501.9561463526125,248.8352087701543,670.3958390527293
225.05888839838045,73.82116724545301,397.4987483124924
744.5810740765509,441.66152140885913,380.631211296938
582.7973552151651,1043.413994849449,26.599407634653872
60.852005171708285,293.0416622264131,260.1147166617778
350.4916483792819,245.30960979107775,352.42869015911947
126.5176007094795,891.6947595553197,91.19569788897022
25.1477583952311,161.00024604299256,885.4238428893885
492.0989655047401,550.7238047573285,125.06638007204924
109.2504976905561,48.691945026523655,1200.877577633284
202.76439268263567,265.9130583850184,779.0443752938011
70.87547558314598,462.7773364092131,366.4056064194703
14.105308726112003,92.4284067567446,903.9068293519628
691.5783867733858,4.423652143623384,563.1710283968588
108.4225286930786,386.1023223531635,776.1809076172129
223.64625793653815,95.43452076314652,744.6288298535601
264.89108209536585,813.2777786918671,41.3419482984027
151.06757267583703,109.9667443646376,488.2699511569108
494.80113176561855,17.721374722807553,1087.6108359786838
90.68334596375269,841.174226828595,599.2369489155857
901.3103115702768,245.4176754439974,250.8876321999011
231.6784340184866,731.8526512241111,187.82119925091217
457.3478680745435,483.06678237707575,614.4523024526396
69.43901055701734,124.32177654750396,592.7202784079037
549.2198526486184,548.5088483377441,476.9528352280976
685.6403924873999,18.052145344221323,226.44834692257567
339.2654855170533,183.24079196240388,95.86401281951036
23.645996447632783,802.5038554350839,39.04154825883314
813.2613669372412,114.03327729498736,375.6800066464568
147.69368123027985,667.0488782463128,833.1699432052442
246.3609238801112,539.3329074746601,271.5526528034966
591.5765886504464,409.29926590602895,490.5306225473033
202.44376849440397,87.13968540464302,427.1001595572712
738.2273548884023,336.584939463093,110.74734792479325
584.4566870195326,294.25976398983505,626.1069322275303
582.7399442089987,318.1172604009259,394.1103442103264
206.54490046963087,276.01683691599703,950.3387285196034
263.61384788752696,195.00207808203493,332.7594434326525
721.3766812210584,152.1421812799577,682.0915607606889
647.6741096793515,344.3799669250531,265.45083293034315
237.9289928093906,1045.5965815568543,376.40300977992587
1033.455363696498,241.6085940586294,448.1439288903512
85.9888177007802,595.0114556741313,596.0680215298754
332.81139444115877,532.4366051304385,610.7623167363394
407.46748374736967,638.8037099788588,77.1559783991629
428.88538795349154,976.486466308842,454.78940357602215
579.5089914947424,760.5250172171218,126.55576324874744
231.73989347299693,181.052989414944,756.8651119797538
184.50113303729427,33.50604718838761,910.5980514343302
659.2802680028209,388.32791670691665,743.1052900167967
365.7979437588768,251.8121792896925,705.650618787122
539.9853967361296,129.9158648514819,705.4319266361221
191.3819539635381,65.45395636182836,943.6155253801612
257.27493722737734,828.9747641849734,237.42219917415517
441.73888543744215,530.6788476809487,180.3742005815506
723.0586830005843,182.25649708684497,859.8625764270467
926.8632278498184,230.05120551051976,588.5022861952797
387.5915063360943,355.118583178832,430.5595170483195
570.8076948777867,645.4890529160821,565.3990748346587
640.5488329180333,1072.0832102494453,229.1974799586825
54.05160063737949,156.81791259475716,746.0916586130746
148.1938083160146,476.5316094049223,772.2971888600671
21.890125551640036,8.179589904785422,996.2950266261752
620.0337038918472,480.9710451434669,249.56060616489535
948.9544456559375,587.3985574512727,284.8004590297438
388.0359914861386,300.492714489224,261.61355641868124
300.9038552140257,268.28273362589283,784.5223562123489
94.22502367842924,9.971653689386486,489.6965070780324
831.4886623699342,13.790249641055867,861.9233044378972
184.65581546916647,349.7399663250735,827.363003627769
64.75353634872286,20.272059317654456,602.555268170215
563.1407162010603,247.51740240833487,501.8271785264098
3.684281277383977,24.440999625236977,699.8544072828844
75.6886336974076,40.96203376785368,708.1637554001562
488.38104409047895,4.484092373664796,940.2340578007886
169.75467947692007,27.28265591605038,1062.2291053694564
143.1547790986063,96.81734984200696,728.4868188244455
467.05946388995295,201.73740970680512,644.9866172248563
193.61845837760063,107.30906121497158,740.1970654253715
135.49287087022995,58.679001079951384,533.594458631107
371.67052663772654,508.66159545442457,238.1732966449632
206.87683608504815,168.63169073086934,583.9664730298722
536.316726477901,164.67564964081257,365.9630352756528
317.5685864216209,459.2170235433686,497.9306995909724
264.0611506809597,622.5615766184177,726.7626191653301
261.5452636755826,300.5678064695177,992.4025636390306
635.3744100589531,532.3312499154124,525.0202900423437
1048.027096947714,417.2096901162894,152.5298137243712
272.83296606199866,94.3004959034312,622.3337538443811
203.7194504154552,600.2104908797885,101.19049982086705
999.713522302463,344.0850475098791,49.65694781510731
697.9903168087724,449.35837198103434,255.85349304428055
116.34390605022936,875.6741544806364,395.4598490882568
27.46375483206144,75.88376481761009,960.2249185054249
657.8010028714165,509.997357347999,873.5394603002194
2.7512107606056144,50.00077777238531,945.9614148686452
805.6420032538867,34.12786250557666,420.72693908059387
303.86029710680856,654.1187470830458,349.7297025821283
379.58067539973007,252.1999234964185,725.0148781660042
127.22963006086842,128.71279150726167,1132.77601484789
67.82142638842167,726.8450047810484,9.297915919749892
451.4018536557422,16.576110653753837,856.839724382479
701.2274566508628,663.7016506925005,1100.991498005034
0.5095482502291051,0.4569446667409989,617.8817186308812
394.3843778506007,639.341729827105,295.65832114786247
980.355874310954,316.8295766717187,842.4904690722793
414.57772645539075,440.0623804519937,90.04094848507783
619.8100938282622,305.3640117312738,199.625733021911
53.01656782349889,399.5310321351744,876.4482972053439
267.7373431050137,285.00516630725156,762.0851032186216
487.2346734646184,827.9560719040273,664.8761703465126
48.5644589677993,751.773356188296,288.6380182149714
25.8982793890284,129.53406004971242,1289.7545199435112
62.45233390875056,552.7542974030574,132.61943146133493
790.0485953469138,92.13740968764375,45.78416953191615
37.43004360750584,428.7755041110496,958.85950827258
455.8200175740338,803.7881951322529,307.8243625285275
108.96746874265747,425.71692546141014,777.108273818746
518.2022745148423,593.5533489822524,504.09909320178485
242.40827447504603,702.8405291790418,816.6428918630687
98.8755582049151,771.45934048213,385.90440530673106
2.1113294221336942,3.7723278975602614,649.9604704041939
117.94438560801748,31.102875965304943,810.3088707942994
575.3840711803945,805.4934395063702,5.443741373231813
318.93931599429266,47.96818194494094,1003.809688618574
634.1307104928927,475.47356404456536,730.3117714535297
835.2141440362118,532.7166732476645,520.6712713769134
55.776315181748366,613.3180288360192,605.3509037444855
264.1676383929522,218.49893458108167,181.8265174284192
857.7799869861407,219.8749591360348,677.6511643334157
618.9649832994767,553.5183157927269,243.7504920574364
38.57304329672861,135.44800168383986,959.9815051538196
250.05245575717808,414.6576490816253,898.8050680505224
770.7888856220469,255.48121232278916,534.0770245804762
222.12985932067625,109.94929845726084,952.605731939366
753.3811694874491,166.79189045537677,373.64057916649034
129.93576658991404,557.958170839029,600.0396262560564
85.65639928828836,88.08199080703416,1026.1718152503515
196.32748338665093,591.0721227281881,1033.4270845365963
50.925592891609135,372.63657592627624,746.0301750255602
123.95240760407296,139.09162246326946,949.2845312318658
238.6288943635668,475.33736146198504,16.274805101440776
288.42572289215764,104.67796117269934,568.6266841540651
582.5477645832825,240.266602039544,585.0466708973502
270.237540142224,31.12643524545967,836.0158655898065
137.95039134216606,865.9083257502286,512.7303129561559
602.8175544047665,910.8470637102238,227.5193639661955
75.41055672151364,418.0891220146164,741.5729969250089
197.6963360918905,822.6117861253431,360.3683725285573
339.8160256367251,60.242944373433794,804.1828724691503
59.08281220511014,115.40293595659598,792.3205661623867
660.3298291873392,147.07979459105957,625.075521860077
284.32657723251117,967.6543196838156,222.80038910619993
516.4625410021001,397.5370264687704,453.84600097401295
171.85889354198298,51.26504806117257,816.1680861653824
107.56308699280667,557.2780055543029,676.2086489748791
603.2018387180602,360.60882926304026,289.4557514607125
622.6257227423876,1007.8537235953744,158.57188819635388
218.48785901377252,400.77481705506545,487.2390830563098
556.6351657122655,472.8113560382885,575.8244563758285
322.4167713646616,667.1954562244848,556.4963843960047
649.7801652163278,432.7511205486986,247.6593542066882
852.2868000968856,122.14392453946311,29.33841062541759
530.7405104216691,171.59733753463814,518.5801705718569
396.0208502977412,201.93487211799905,774.1995579075332
342.36661649615985,570.9215833528414,628.0832551162337
114.10953192319694,230.76492451345885,809.1624501512052
551.3671389171433,512.9038404376092,458.6007178723806
24.019812423339832,477.8920064624601,798.705735802889
500.09201273333326,795.7850499868975,371.50687431321967
49.051360021416414,84.90297557416564,782.3281583061581
175.77314973942148,858.5046376479709,794.9611975409052
590.88360080036,203.7701075679561,830.3410881147576
224.26284896720068,925.2328533247082,333.92445419784093
721.7273808922466,353.33401442625853,338.1154145919458
24.3316627449196,611.777454001881,481.9701662752828
969.8054767749212,621.2314727316731,547.051662337094
110.27318531676649,63.72778026517186,990.5535073425872
533.7849826524118,573.6867373311585,866.1862335667507
155.34586262385113,439.6717825086964,453.8392416194632
118.71948633491648,358.7585761390196,994.757349973537
507.7685437188833,487.7289571760796,317.4776321734427
619.7483882804545,64.96601257942432,783.0649606088507
614.4675836269818,371.46426204404537,410.7524528354372
365.9208750678348,166.7877266417805,661.748936053247
352.26800153175753,869.8873949897683,18.08762189629991
216.89926533891665,165.50250746662533,444.5160787455355
537.5828668992602,23.298937651940964,585.5282453532922
66.18022880123628,522.2409291318603,723.948644322139
182.83344378349295,66.33866359922445,761.183642688631
119.34555850603188,749.1102131847487,376.5275886948381
92.56324186361324,19.652904034289747,487.7627355745969
573.564738936501,471.6575590070982,171.9103003576291
397.5365650938704,77.7367214053996,331.3064374261984
546.9747508683641,716.9165638782115,100.25439694572631
910.272933173144,268.457051695578,844.3468925185571
477.71840497203306,38.01967472502634,244.06875572352223
89.46240678331051,104.45158976991485,388.9877510427838
712.1698794160527,218.71513745341875,48.90031775959853
53.31385760371835,87.34391370876617,513.8421914369115
35.83192881259584,124.62807439550836,1048.6201602652188
248.00879262601708,166.8032278517872,1227.0270307280675
107.9294221544762,695.2319771800705,776.4686195769581
670.9393799749673,674.7632706626017,264.3997381833466
267.8031937891565,280.44610898778416,1003.5610145430556
461.549156072857,194.94469225273895,727.2018174881641
162.58765293354628,836.6091085055842,671.4946968655664
51.98141856574683,47.37325798363353,875.5791960418197
239.52663404139827,214.45307077594583,586.021088474673
870.8566066191396,346.6575171340717,427.9985652272282
77.97662384132158,22.340884414015424,877.9303685833041
367.08567023621055,77.2575415742215,924.660157522996
117.90427361738249,288.05031937112483,926.9442200230652
129.67668639935567,690.1460473157213,99.70654382071471
306.8840950445823,15.258268682365037,1211.1412628709268
1100.768368784034,87.59605863644111,805.8503792463143
205.3217502512292,114.02489200019592,1005.6638171540808
152.31571792349507,175.85483596862028,858.1159241963767
420.61928750390007,876.7975573123306,332.1514985551195
98.75036674902935,20.772349954336505,702.6348596405079
948.9145479813826,16.24674176747269,136.24127620002423
0.3768090372008374,3.752199101563485,1124.6635971152075
267.8835617159453,192.1523260187303,546.1306727353123
98.92320472835344,47.26674501625184,1112.368066341082
710.9686156667639,671.2343889879396,144.3208926577553
257.01071955669335,376.4832781569107,944.0821796986564
65.5050122085846,707.7727734119284,357.32922412508924
589.8167099024957,142.78203682965102,457.8491557245559
426.7269064632632,344.57107370137055,665.214304967094
129.3062754337937,32.21277392186285,751.8999947556507
452.26385550603743,13.003290327917298,593.5581332005765
667.6902546855117,274.2163971923253,204.43662136416364
610.6168304861388,151.7025605785906,852.2125541278955
32.26813970210195,160.9832563769743,683.359179323238
116.00702005435603,248.6233202874572,745.9174132548552
800.0333969276275,426.91684794312545,301.6374714111158
431.3496276067449,383.3924592625605,494.9436197991625
102.94679137921312,193.20317755650552,497.6744718838765
28.536249690642467,176.9355217488144,652.125255760474
201.6126335188717,220.71965550952197,799.1812743127365
125.02970674427236,485.8275412942613,260.3214602619786
221.4860937853889,153.57151279396342,915.610676777932
432.5767198656103,69.06753180259012,871.5811454891526
107.4884955851892,130.55994182680936,720.1654635596432
259.96775300039525,887.0199597089146,367.5667714561184
152.18196827528726,184.78637560887435,687.1485980860465
310.76566522341096,600.9082113834954,384.6967791821356
499.3455763688091,892.5187847134532,43.97674086355983
357.18450063847524,430.2592490542297,621.9225775300868
29.67965379677879,423.84084492758194,169.11723365447412
36.39820334899095,327.28950816020546,892.3596782382746
118.47049160352536,612.2046628311882,611.3120456852912
173.32261842966463,218.4743452816816,964.361700920364
8.580865299748034,32.51058624980255,805.4441335383797
557.5302990621625,359.671682730044,336.4917548309614
219.71991559881965,665.0978792290437,292.48717185661553
205.93658519358547,216.2998432921445,1013.9737342843348
665.3015591426038,341.2380985463383,602.0589217145841
124.65025769345402,294.4936159900036,1116.0629045899937
130.5118833856894,413.10896044987413,618.8752458229089
663.8414686066845,153.5661753763216,79.98890227794413
310.6556124413695,58.777901737260144,640.5292130035546
145.1172240548153,231.7940222772221,380.0974936165827
692.5037046688283,496.176977860914,687.7828513134448
446.0649333047213,480.6376227024195,207.89442313735677
650.5795775090642,19.946791999625976,305.74310072344645
463.389388780512,63.74102667791986,803.7496975849168
8.878403455377494,202.17409818172644,603.3054882130999
511.8236019678356,86.84289891194332,243.09143364683084
609.3341058784227,317.8393558729031,315.16093502915686
630.5679390730172,783.2103913290813,291.64403165253447
90.7543293751953,880.4419059104365,326.2049496739167
621.9988753445558,47.90585651275157,911.7898008763124
661.3943791118922,662.0595013625787,621.6051594885469
6.1607983639321,46.01804943756525,768.4810762125414
127.8239090674393,129.63061361453578,841.2708928154716
77.24314509281336,219.5281549237664,816.3726282382373
1061.8154327961352,923.7270900033698,403.8535597352048
208.58680969771768,526.4031348860342,335.39268436218873
254.60244817465005,443.8767033618201,73.34261329555115
36.49074841205442,641.5515681440785,201.33616917408497
562.3381897709523,284.4135085052432,808.9858910258575
399.68826753375697,394.2633083132258,568.0162749873555
354.8866360645088,223.60069786629035,857.4635267427244
565.4521254319957,666.0953201243462,240.97347082307047
271.34403159298745,44.2944859931365,873.6825347393811
233.16809808622335,377.0469310704897,379.94747455301314
25.36154691546696,54.86002529121563,1368.7557852318291
157.36934370484403,1063.0465226023646,165.15743571706642
655.5363357263665,561.9528084437966,419.2239751611746
932.6525935583344,193.79074155565013,107.69259321236038
423.3890175044369,207.89507363885895,243.8167645301021
623.2969652271439,434.6424332103809,653.0973625757043
320.35883606092494,533.2952680780029,457.0254292016256
178.06828347947442,357.9059830039504,167.23025550228286
822.5063449659207,35.53646845948709,484.48885428328896
593.7829606354986,47.44201161236177,739.4303008634797
350.8811337042755,16.976316969770252,711.5957661692015
735.483970349444,77.53911994073874,176.7510858210092
94.76960267940358,95.4309864593575,864.596458105401
165.65068618018756,439.27897959049665,641.4878945345786
831.2526876263324,674.5506612906902,9.347047090636844
460.3662233820393,295.1523446710356,393.8086252015393
327.9515319882378,309.62924716747006,678.7536930670943
598.3690713977388,599.4079464731436,635.9067801827698
445.98403307363935,138.40345772083867,385.8067068171171
55.053736673117,58.78419780492853,466.6774655983361
51.27281873784872,584.3786512719956,312.74492285918245
414.94742903526776,225.76218235052863,191.09087838768733
398.3977897094997,403.5554559728398,841.3408743610153
531.6090380141983,48.30629379540006,682.02209630433
194.70901575247325,261.887238192195,719.1516137892737
796.0693852749537,200.0605340764865,290.6835350035615
597.1317062099854,863.4468051359165,440.37184699931566
345.57116664937377,40.50873667333949,303.6394394044149
380.8800761482967,733.6888382483663,520.3042286256409
224.78816705699177,196.6288568188856,721.4386758207025
187.48715549889016,294.40340466866047,798.2922859323374
502.614780240986,281.53508708052226,328.24911649536284
533.023424633682,490.5085255165396,0.3769302967363534
927.8049583403854,688.3030983345817,269.9850950154365
236.86888167412073,263.95096531355074,516.8351530073347
116.3510617162514,120.20004608305942,392.0147810463968
180.48656322403968,275.6589176360209,863.4974341001213
151.48455227316225,111.06473001366476,758.1066231537962
817.3567136934327,366.5203648172031,243.5955738619932
307.2773852794361,583.4281867257116,861.7649089292913
764.9055241632074,543.4272638674211,79.78303441280751
444.8255783263696,693.5058172451896,240.986752087312
398.79911661434954,27.067925276425495,784.4729863782154
583.9075965353943,436.26245698996985,111.29350473354116
453.5681241860736,1097.336541512821,362.1996820181023
19.11012907085666,253.74315565287463,931.41385723407
749.565755049973,822.603772063502,282.7554950726149
69.66746218755391,795.3135079822341,305.17642627668965
257.8038348100219,18.191261430586884,379.8533906273453
9.182127405967725,29.975121131968095,918.9360708009024
13.185946893718327,14.379696278921593,381.1968014728781
630.5705364569317,214.4373389707262,839.6853927500975
